20,35,30,35
25,32,34,2020,35,30,35
25,32,34,2020,35,30,35
25,32,34,2020,35,30,35
25,32,34,2020,35,30,35
25,32,34,2020,35,30,35
25,32,34,2020,35,30,35
25,32,34,2020,35,30,35
25,32,34,2020,35,30,35
25,32,34,2020,35,30,35
25,32,34,2020,35,30,35
25,32,34,2020,35,30,35
25,32,34,2020,35,30,35
25,32,34,2020,35,30,35
25,32,34,2020,35,30,35
25,32,34,2020,35,30,35
25,32,34,2020,35,30,35
25,32,34,2020,35,30,35
25,32,34,2020,35,30,35
25,32,34,2020,35,30,35
25,32,34,2020,35,30,35
25,32,34,2020,35,30,35
25,32,34,2020,35,30,35
25,32,34,2020,35,30,35
25,32,34,2020,35,30,35
25,32,34,2020,35,30,35
25,32,34,2020,35,30,35
25,32,34,2020,35,30,35
25,32,34,2020,35,30,35
25,32,34,2020,35,30,35
25,32,34,20
